{"cameraMode":{"drawMode":0,"name":"Shaded","section":"Shading Mode"},"sceneLighting":true,"audioPlay":false,"sceneViewState":{"m_AlwaysRefresh":false,"showFog":true,"showSkybox":true,"showFlares":true,"showImageEffects":true,"showParticleSystems":true,"showVisualEffectGraphs":true,"m_FxEnabled":true},"in2DMode":false,"pivot":{"x":1.2400000095367432,"y":1.1100001335144044,"z":2.259999990463257},"rotation":{"x":-0.008405709639191628,"y":-0.014100710861384869,"z":0.0000637992998235859,"w":-0.9999586939811707},"size":0.12513762712478639,"orthographic":false}